hostname,tic_id,planet_letter,period,peri_epoch,omega_st,transit_epoch,comp_peri_epoch,a,e
AU Mic,441420236,c,18.859018,2458324.0,153.0,2458342.2239,2459460.906897685,0.1101,0.02219
AU Mic,441420236,b,8.46308,2458322.77,88.4792,2458330.3906549998,2459037.088905753,0.0645,0.04
AU Mic,441420236,d,12.73596,,160.7894,0.0,,0.0,0.00305
AU Mic,441420236,e,33.25,,0.0,2459118.5,,0.0,
